environment,label,seconds,pid,role,privateMiB,workingSetMiB
isolated,before-controlled,1.905,32940,workerd,38.2,50.13
isolated,before-controlled,8.716,32940,workerd,55.23,65.97
isolated,before-controlled,15.52,32940,workerd,64.83,77.19
isolated,before-controlled,22.191,32940,workerd,67.34,78.64
isolated,before-controlled,29.053,32940,workerd,72.98,85.43
isolated,before-controlled,31.505,32940,workerd,72.91,85.4
isolated,before-controlled,33.747,32940,workerd,72.91,85.4
isolated,before-controlled,35.816,32940,workerd,72.91,85.4
isolated,before-controlled,42.322,32940,workerd,74.55,86.02
isolated,before-controlled,49.01,32940,workerd,81.36,92.64
isolated,before-controlled,56.073,32940,workerd,81.89,92.94
isolated,before-controlled,62.857,32940,workerd,88.75,99.59
isolated,before-controlled,64.971,32940,workerd,88.75,99.59
isolated,before-controlled,67.03,32940,workerd,88.75,99.59
isolated,before-controlled,69.053,32940,workerd,88.75,99.59
isolated,before-controlled,75.723,32940,workerd,90.18,100.71
isolated,before-controlled,82.541,32940,workerd,97.05,106.69
isolated,before-controlled,89.322,32940,workerd,96.97,106
isolated,before-controlled,96.23,32940,workerd,104.73,113.9
isolated,before-controlled,99.212,32940,workerd,104.73,113.9
isolated,before-controlled,101.35,32940,workerd,104.73,113.9
isolated,before-controlled,103.654,32940,workerd,104.73,113.9
isolated,after-controlled,2.042,29972,workerd,38.37,50.19
isolated,after-controlled,8.582,29972,workerd,55.3,66.29
isolated,after-controlled,15.297,29972,workerd,64.6,77.17
isolated,after-controlled,22.104,29972,workerd,66.98,79.44
isolated,after-controlled,28.927,29972,workerd,74.06,85.93
isolated,after-controlled,31.047,29972,workerd,74.06,85.93
isolated,after-controlled,33.093,29972,workerd,73.99,85.89
isolated,after-controlled,35.253,29972,workerd,73.99,85.89
isolated,after-controlled,42.189,29972,workerd,74.91,86.37
isolated,after-controlled,49.178,29972,workerd,82.09,93.58
isolated,after-controlled,56.081,29972,workerd,82.37,92.86
isolated,after-controlled,62.961,29972,workerd,88.47,99.43
isolated,after-controlled,65.226,29972,workerd,88.47,99.43
isolated,after-controlled,67.509,29972,workerd,88.47,99.43
isolated,after-controlled,69.683,29972,workerd,88.47,99.43
isolated,after-controlled,76.734,29972,workerd,89.05,99.67
isolated,after-controlled,83.853,29972,workerd,96.25,106.68
isolated,after-controlled,90.752,29972,workerd,97.09,107.42
isolated,after-controlled,97.694,29972,workerd,104.93,114.47
isolated,after-controlled,100.022,29972,workerd,104.93,114.47
isolated,after-controlled,103.055,29972,workerd,104.93,114.47
isolated,after-controlled,105.575,29972,workerd,104.93,114.47
isolated-profile,before-profile,2.448,42268,workerd,41.49,54.52
isolated-profile,before-profile,9.107,42268,workerd,59.27,72.39
isolated-profile,before-profile,15.962,42268,workerd,67.52,81.59
isolated-profile,before-profile,22.931,42268,workerd,70.88,85.29
isolated-profile,before-profile,30.53,42268,workerd,76.17,89.93
isolated-profile,before-profile,32.824,42268,workerd,76.17,89.95
isolated-profile,before-profile,34.915,42268,workerd,76.17,89.95
isolated-profile,before-profile,36.974,42268,workerd,76.17,89.95
isolated-profile,before-profile,43.534,42268,workerd,78.82,92.71
isolated-profile,before-profile,50.426,42268,workerd,84.17,97.34
isolated-profile,before-profile,57.327,42268,workerd,86.73,99.2
isolated-profile,before-profile,64.216,42268,workerd,91.61,104.07
isolated-profile,before-profile,66.587,42268,workerd,91.61,104.07
isolated-profile,before-profile,68.749,42268,workerd,91.61,104.07
isolated-profile,before-profile,70.962,42268,workerd,91.61,104.07
isolated-profile,before-profile,77.74,42268,workerd,92.78,105.7
isolated-profile,before-profile,85.089,42268,workerd,99.21,111.38
isolated-profile,before-profile,91.991,42268,workerd,101.71,113.85
isolated-profile,before-profile,98.711,42268,workerd,107.13,118.76
isolated-profile,before-profile,100.757,42268,workerd,107.13,118.76
isolated-profile,before-profile,102.785,42268,workerd,107.13,118.76
isolated-profile,before-profile,104.79,42268,workerd,107.13,118.76
isolated-profile,before-profile,111.501,42268,workerd,107.81,119.36
isolated-profile,before-profile,118.451,42268,workerd,114,125.42
isolated-profile,before-profile,125.238,42268,workerd,116.05,127.28
isolated-profile,before-profile,132.559,42268,workerd,121.23,132.2
isolated-profile,before-profile,134.99,42268,workerd,121.23,132.2
isolated-profile,before-profile,137.339,42268,workerd,121.16,132.16
isolated-profile,before-profile,139.672,42268,workerd,121.16,132.16
isolated-profile,before-profile,146.821,42268,workerd,124.07,133.99
isolated-profile,before-profile,153.618,42268,workerd,129.44,139.16
isolated-profile,before-profile,160.651,42268,workerd,131.02,140.7
isolated-profile,before-profile,167.845,42268,workerd,136,144.96
isolated-profile,before-profile,170.239,42268,workerd,136,144.96
isolated-profile,before-profile,172.888,42268,workerd,136,144.96
isolated-profile,before-profile,175.598,42268,workerd,136,144.96
isolated-profile,before-profile,182.792,42268,workerd,138.9,147.5
isolated-profile,before-profile,190.04,42268,workerd,143.15,152.06
isolated-profile,before-profile,197.158,42268,workerd,146.31,154.68
isolated-profile,before-profile,204.282,42268,workerd,150.31,158.69
isolated-profile,before-profile,206.823,42268,workerd,150.31,158.69
isolated-profile,before-profile,209.118,42268,workerd,150.31,158.69
isolated-profile,before-profile,211.359,42268,workerd,150.31,158.69
production,readonly,0,32412,supervisor,73.7,76.83
production,readonly,0,53952,helper,133.36,139.41
production,readonly,0,27796,wrangler,19.74,55.64
production,readonly,0,36036,wrangler,192.93,193.73
production,readonly,0,52044,workerd,238.54,230.36
production,readonly,0,19232,workerd,253.91,268.26
production,readonly,20.418,32412,supervisor,73.7,76.85
production,readonly,20.418,53952,helper,133.99,139.41
production,readonly,20.418,27796,wrangler,19.74,55.64
production,readonly,20.418,36036,wrangler,193.18,194.5
production,readonly,20.418,52044,workerd,239.41,231.11
production,readonly,20.418,19232,workerd,245.66,260.16
production,readonly,40.725,32412,supervisor,73.25,76.38
production,readonly,40.725,53952,helper,133.99,139.42
production,readonly,40.725,27796,wrangler,19.74,55.64
production,readonly,40.725,36036,wrangler,193.18,194.57
production,readonly,40.725,52044,workerd,239.91,231.32
production,readonly,40.725,19232,workerd,245.91,260.18
production,readonly,61.047,32412,supervisor,73.87,77.08
production,readonly,61.047,53952,helper,133.99,139.43
production,readonly,61.047,27796,wrangler,19.74,55.64
production,readonly,61.047,36036,wrangler,193.18,194.63
production,readonly,61.047,52044,workerd,240.04,231.52
production,readonly,61.047,19232,workerd,246.41,260.59
production,readonly,81.672,32412,supervisor,73.87,77.08
production,readonly,81.672,53952,helper,134.55,139.51
production,readonly,81.672,27796,wrangler,19.74,55.64
production,readonly,81.672,36036,wrangler,193.18,194.66
production,readonly,81.672,52044,workerd,240.04,231.53
production,readonly,81.672,19232,workerd,246.16,259.97
production,readonly,102.322,32412,supervisor,73.87,77.08
production,readonly,102.322,53952,helper,134.55,139.51
production,readonly,102.322,27796,wrangler,19.74,55.64
production,readonly,102.322,36036,wrangler,193.18,194.68
production,readonly,102.322,52044,workerd,240.04,231.55
production,readonly,102.322,19232,workerd,247.01,261.34
production,readonly,123.119,32412,supervisor,73.87,77.09
production,readonly,123.119,53952,helper,134.55,139.51
production,readonly,123.119,27796,wrangler,19.74,55.64
production,readonly,123.119,36036,wrangler,194.21,195.86
production,readonly,123.119,52044,workerd,211.59,205.52
production,readonly,123.119,19232,workerd,247.51,261.58
production,readonly,143.898,32412,supervisor,73.87,77.09
production,readonly,143.898,53952,helper,134.55,139.51
production,readonly,143.898,27796,wrangler,19.74,55.64
production,readonly,143.898,36036,wrangler,194.21,195.86
production,readonly,143.898,52044,workerd,211.84,205.53
production,readonly,143.898,19232,workerd,247.51,261.77
production,readonly,164.507,32412,supervisor,73.87,77.09
production,readonly,164.507,53952,helper,134.55,139.51
production,readonly,164.507,27796,wrangler,19.74,55.64
production,readonly,164.507,36036,wrangler,194.21,195.86
production,readonly,164.507,52044,workerd,211.84,205.66
production,readonly,164.507,19232,workerd,247.51,261.78
production,readonly,185.046,32412,supervisor,73.87,77.1
production,readonly,185.046,53952,helper,134.51,139.49
production,readonly,185.046,27796,wrangler,19.74,55.64
production,readonly,185.046,36036,wrangler,194.21,195.86
production,readonly,185.046,52044,workerd,212.09,205.79
production,readonly,185.046,19232,workerd,247.7,261.82
production,readonly,205.527,32412,supervisor,72.03,75.93
production,readonly,205.527,53952,helper,134.54,139.5
production,readonly,205.527,27796,wrangler,19.74,55.64
production,readonly,205.527,36036,wrangler,194.21,195.86
production,readonly,205.527,52044,workerd,212.39,205.96
production,readonly,205.527,19232,workerd,247.01,261.05
production,readonly,225.908,32412,supervisor,72.03,75.93
production,readonly,225.908,53952,helper,134.69,139.71
production,readonly,225.908,27796,wrangler,19.74,55.64
production,readonly,225.908,36036,wrangler,195.24,196.3
production,readonly,225.908,52044,workerd,213.41,206.71
production,readonly,225.908,19232,workerd,248.51,260.56
production,readonly,246.366,32412,supervisor,72.21,76.09
production,readonly,246.366,53952,helper,134.69,139.71
production,readonly,246.366,27796,wrangler,19.74,55.64
production,readonly,246.366,36036,wrangler,195.24,196.3
production,readonly,246.366,52044,workerd,213.41,206.78
production,readonly,246.366,19232,workerd,248.51,260.57
production,readonly,266.745,32412,supervisor,72.21,76.09
production,readonly,266.745,53952,helper,134.69,139.72
production,readonly,266.745,27796,wrangler,19.74,55.64
production,readonly,266.745,36036,wrangler,195.5,196.42
production,readonly,266.745,52044,workerd,213.76,207.18
production,readonly,266.745,19232,workerd,249.01,261.06
production,readonly,287.212,32412,supervisor,72.21,76.09
production,readonly,287.212,53952,helper,134.69,139.72
production,readonly,287.212,27796,wrangler,19.74,55.64
production,readonly,287.212,36036,wrangler,195.5,196.42
production,readonly,287.212,52044,workerd,213.51,207.2
production,readonly,287.212,19232,workerd,249.01,261.13
production,readonly,307.613,32412,supervisor,72.21,76.09
production,readonly,307.613,53952,helper,134.69,139.73
production,readonly,307.613,27796,wrangler,19.74,55.64
production,readonly,307.613,36036,wrangler,195.5,196.49
production,readonly,307.613,52044,workerd,213.51,207.27
production,readonly,307.613,19232,workerd,250.26,261.97
production,readonly,327.931,32412,supervisor,72.21,76.09
production,readonly,327.931,53952,helper,134.95,140.02
production,readonly,327.931,27796,wrangler,19.74,55.64
production,readonly,327.931,36036,wrangler,195.5,196.89
production,readonly,327.931,52044,workerd,213.64,207.47
production,readonly,327.931,19232,workerd,250.32,262.25
production,readonly,348.315,32412,supervisor,72.39,76.11
production,readonly,348.315,53952,helper,134.95,140.02
production,readonly,348.315,27796,wrangler,19.74,55.64
production,readonly,348.315,36036,wrangler,195.5,196.89
production,readonly,348.315,52044,workerd,213.64,207.47
production,readonly,348.315,19232,workerd,250.32,262.27
production,readonly,368.659,32412,supervisor,72.39,76.12
production,readonly,368.659,53952,helper,134.95,140.03
production,readonly,368.659,27796,wrangler,19.74,55.64
production,readonly,368.659,36036,wrangler,195.5,196.89
production,readonly,368.659,52044,workerd,213.64,207.48
production,readonly,368.659,19232,workerd,250.32,262.34
production,readonly,388.986,32412,supervisor,72.39,76.13
production,readonly,388.986,53952,helper,134.95,140.04
production,readonly,388.986,27796,wrangler,19.74,55.64
production,readonly,388.986,36036,wrangler,197.95,199.95
production,readonly,388.986,52044,workerd,216.98,209.57
production,readonly,388.986,19232,workerd,253.99,265.86
production,readonly,409.406,32412,supervisor,72.39,76.14
production,readonly,409.406,53952,helper,134.95,140.04
production,readonly,409.406,27796,wrangler,19.74,55.64
production,readonly,409.406,36036,wrangler,197.95,199.97
production,readonly,409.406,52044,workerd,217,209.57
production,readonly,409.406,19232,workerd,254.3,266.21
production,readonly,429.888,32412,supervisor,71.65,75.9
production,readonly,429.888,53952,helper,134.95,140.04
production,readonly,429.888,27796,wrangler,19.74,55.64
production,readonly,429.888,36036,wrangler,199.25,200.92
production,readonly,429.888,52044,workerd,218,210.25
production,readonly,429.888,19232,workerd,254.3,266.14
production,readonly,450.227,32412,supervisor,71.96,76.29
production,readonly,450.227,53952,helper,135.21,140.05
production,readonly,450.227,27796,wrangler,19.74,55.64
production,readonly,450.227,36036,wrangler,197.53,199.47
production,readonly,450.227,52044,workerd,219.16,211.66
production,readonly,450.227,19232,workerd,253.93,265.95
production,readonly,470.517,32412,supervisor,71.96,76.29
production,readonly,470.517,53952,helper,135.21,140.06
production,readonly,470.517,27796,wrangler,19.74,55.64
production,readonly,470.517,36036,wrangler,199.54,201.48
production,readonly,470.517,52044,workerd,220.16,212.49
production,readonly,470.517,19232,workerd,253.18,265.27
production,readonly,490.789,32412,supervisor,71.96,76.29
production,readonly,490.789,53952,helper,135.21,140.06
production,readonly,490.789,27796,wrangler,19.74,55.64
production,readonly,490.789,36036,wrangler,199.54,201.48
production,readonly,490.789,52044,workerd,219.97,212.2
production,readonly,490.789,19232,workerd,254.18,266.13
