run,phase,seconds,requests,role,privateMiB
before,warm,3.367,1,public-proxy,58.387
before,warm,3.367,1,application,102.727
before,load,7.507,11,public-proxy,163.57
before,load,7.507,11,application,154.07
before,load,11.999,21,public-proxy,225.793
before,load,11.999,21,application,160.738
before,load,16.409,31,public-proxy,236.996
before,load,16.409,31,application,183.547
before,load,20.835,41,public-proxy,304.449
before,load,20.835,41,application,189.574
before,load,25.068,51,public-proxy,315.746
before,load,25.068,51,application,211.434
before,loaded,27.623,51,public-proxy,315.746
before,loaded,27.623,51,application,211.434
before,idle-30s,59.94,51,public-proxy,307.184
before,idle-30s,59.94,51,application,221.43
after,warm,4.061,1,public-proxy,45.555
after,warm,4.061,1,application,102.984
after,load,8.078,11,public-proxy,48.949
after,load,8.078,11,application,152.254
after,load,12.22,21,public-proxy,48.953
after,load,12.22,21,application,164.84
after,load,16.151,31,public-proxy,49.121
after,load,16.151,31,application,181.852
after,load,20.059,41,public-proxy,49.684
after,load,20.059,41,application,188.105
after,load,24.367,51,public-proxy,50.137
after,load,24.367,51,application,210.191
after,loaded,27.081,51,public-proxy,50.137
after,loaded,27.081,51,application,210.191
after,idle-30s,59.297,51,public-proxy,48.824
after,idle-30s,59.297,51,application,222.375
soak,warm,6.099,1,public-proxy,45.566
soak,warm,6.099,1,application,101.777
soak,load,10.236,11,public-proxy,48.949
soak,load,10.236,11,application,151.977
soak,load,14.067,21,public-proxy,48.949
soak,load,14.067,21,application,162.754
soak,load,17.897,31,public-proxy,49.281
soak,load,17.897,31,application,178.695
soak,load,21.642,41,public-proxy,49.527
soak,load,21.642,41,application,187.73
soak,load,25.279,51,public-proxy,50.031
soak,load,25.279,51,application,207.688
soak,load,28.945,61,public-proxy,50.051
soak,load,28.945,61,application,171.566
soak,load,32.612,71,public-proxy,50.266
soak,load,32.612,71,application,166.887
soak,load,36.502,81,public-proxy,50.281
soak,load,36.502,81,application,212.742
soak,load,40.297,91,public-proxy,50.281
soak,load,40.297,91,application,224.887
soak,load,44.13,101,public-proxy,51.387
soak,load,44.13,101,application,234.508
soak,load,47.921,111,public-proxy,51.949
soak,load,47.921,111,application,200.457
soak,load,51.672,121,public-proxy,52.922
soak,load,51.672,121,application,209.516
soak,load,55.442,131,public-proxy,52.191
soak,load,55.442,131,application,219.594
soak,load,59.275,141,public-proxy,52.262
soak,load,59.275,141,application,229.164
soak,load,63.555,151,public-proxy,52.227
soak,load,63.555,151,application,234.355
soak,loaded,66.233,151,public-proxy,52.227
soak,loaded,66.233,151,application,234.355
soak,idle-30s,98.553,151,public-proxy,52.73
soak,idle-30s,98.553,151,application,237.48
