run,case,phase,seconds,requests,userHeapMiB,backingMiB,privateMiB,competing
split-v1,empty,warm-before-snapshot,1.315,3,3.067,0,32.93,0
split-v1,empty,warm-after-snapshot,2.488,3,1.162,0,30.316,0
split-v1,empty,load-1,6.509,27,1.2,0,32.313,0
split-v1,empty,idle-1,9.617,27,1.2,0,32.313,0
split-v1,empty,load-2,13.643,51,1.237,0,47.379,0
split-v1,empty,idle-2,16.71,51,1.237,0,47.379,0
split-v1,empty,load-3,20.768,75,1.281,0,47.641,0
split-v1,empty,idle-3,23.824,75,1.281,0,47.641,0
split-v1,empty,idle-10s,34.89,75,1.281,0,47.645,0
split-v1,empty,final-after-snapshot,36.04,75,1.168,0,47.523,0
split-v1,parse,warm-before-snapshot,1.167,3,3.977,0,34.879,0
split-v1,parse,warm-after-snapshot,2.249,3,1.162,0,30.305,0
split-v1,parse,load-1,6.183,27,7.264,0,41.906,0
split-v1,parse,idle-1,9.24,27,7.264,0,41.906,0
split-v1,parse,load-2,13.215,51,3.224,0,62.637,0
split-v1,parse,idle-2,16.286,51,3.224,0,62.637,0
split-v1,parse,load-3,20.239,75,6.247,0,62.887,0
split-v1,parse,idle-3,23.23,75,6.247,0,62.887,0
split-v1,parse,idle-10s,34.351,75,6.247,0,62.637,0
split-v1,parse,final-after-snapshot,35.54,75,1.168,0,47.914,0
split-v1,response-json,warm-before-snapshot,1.15,3,4.938,0,38.586,0
split-v1,response-json,warm-after-snapshot,2.247,3,1.162,0,30.117,0
split-v1,response-json,load-1,6.153,27,7.049,0,83.895,0
split-v1,response-json,idle-1,9.185,27,7.049,0,83.895,0
split-v1,response-json,load-2,13.129,51,12.931,0,123.48,0
split-v1,response-json,idle-2,16.173,51,12.931,0,123.48,0
split-v1,response-json,load-3,20.113,75,18.872,0,147.008,0
split-v1,response-json,idle-3,23.132,75,18.872,0,147.008,0
split-v1,response-json,idle-10s,34.164,75,18.872,0,147.004,0
split-v1,response-json,final-after-snapshot,35.54,75,1.168,0,48.699,0
split-v1,synthetic-bounded,warm-before-snapshot,1.847,3,5.461,2.873,40.652,0
split-v1,synthetic-bounded,warm-after-snapshot,3.212,3,1.166,0,28.746,0
split-v1,synthetic-bounded,load-1,7.172,27,10.659,1.917,56.574,0
split-v1,synthetic-bounded,idle-1,10.103,27,10.659,1.917,56.574,0
split-v1,synthetic-bounded,load-2,14.072,51,5.283,7.664,71.809,0
split-v1,synthetic-bounded,idle-2,17.011,51,5.283,7.664,71.809,0
split-v1,synthetic-bounded,load-3,20.993,75,9.72,7.664,77.816,0
split-v1,synthetic-bounded,idle-3,23.974,75,9.72,7.664,77.816,0
split-v1,synthetic-bounded,idle-10s,34.965,75,9.72,7.664,77.82,0
split-v1,synthetic-bounded,final-after-snapshot,36.037,75,1.183,0,53.773,0
fetch-json-pure-v2,fetch-json,warm-before-snapshot,1.231,3,4.942,0,37.316,0
fetch-json-pure-v2,fetch-json,warm-after-snapshot,2.344,3,1.164,0,30.414,0
fetch-json-pure-v2,fetch-json,load-1,6.398,27,7.065,0,61.391,0
fetch-json-pure-v2,fetch-json,idle-1,9.535,27,7.065,0,61.391,0
fetch-json-pure-v2,fetch-json,load-2,13.496,51,12.988,0,77.555,0
fetch-json-pure-v2,fetch-json,idle-2,16.442,51,12.988,0,77.555,0
fetch-json-pure-v2,fetch-json,load-3,20.354,75,18.881,0,78.277,0
fetch-json-pure-v2,fetch-json,idle-3,23.305,75,18.881,0,78.277,0
fetch-json-pure-v2,fetch-json,idle-10s,34.282,75,18.881,0,77.266,0
fetch-json-pure-v2,fetch-json,final-after-snapshot,35.318,75,1.174,0,48.859,0
split-v1,fetch-signal,warm-before-snapshot,1.142,3,4.946,0,36.984,0
split-v1,fetch-signal,warm-after-snapshot,2.221,3,1.162,0,30.418,0
split-v1,fetch-signal,load-1,6.199,27,7.06,0,61.156,0
split-v1,fetch-signal,idle-1,9.21,27,7.06,0,61.156,0
split-v1,fetch-signal,load-2,13.208,51,12.983,0,77.996,0
split-v1,fetch-signal,idle-2,16.195,51,12.983,0,77.996,0
split-v1,fetch-signal,load-3,20.227,75,18.907,0,78.414,0
split-v1,fetch-signal,idle-3,23.274,75,18.907,0,78.414,0
split-v1,fetch-signal,idle-10s,34.489,75,18.907,0,77.402,0
split-v1,fetch-signal,final-after-snapshot,36.251,75,1.169,0,49.621,0
split-v1,fetch-timer,warm-before-snapshot,1.315,3,4.933,0,36.945,0
split-v1,fetch-timer,warm-after-snapshot,2.538,3,1.162,0,29.676,0
split-v1,fetch-timer,load-1,6.667,27,7.06,0,62.141,0
split-v1,fetch-timer,idle-1,9.861,27,7.06,0,62.141,0
split-v1,fetch-timer,load-2,14.447,51,12.983,0,74.336,0
split-v1,fetch-timer,idle-2,17.591,51,12.983,0,74.336,0
split-v1,fetch-timer,load-3,21.594,75,18.907,0,78.434,0
split-v1,fetch-timer,idle-3,24.64,75,18.907,0,78.434,0
split-v1,fetch-timer,idle-10s,35.674,75,18.907,0,77.5,0
split-v1,fetch-timer,final-after-snapshot,36.804,75,1.169,0,48.734,0
split-v1,fetch-bounded,warm-before-snapshot,1.226,3,5.5,2.873,39.145,0
split-v1,fetch-bounded,warm-after-snapshot,2.406,3,1.166,0,28.891,0
split-v1,fetch-bounded,load-1,6.622,27,10.681,1.917,55.945,0
split-v1,fetch-bounded,idle-1,9.774,27,10.681,1.917,55.949,0
split-v1,fetch-bounded,load-2,13.97,51,15.116,1.917,79.906,0
split-v1,fetch-bounded,idle-2,17.023,51,15.116,1.917,79.906,0
split-v1,fetch-bounded,load-3,21.237,75,19.563,1.917,88.223,0
split-v1,fetch-bounded,idle-3,24.413,75,19.563,1.917,88.223,0
split-v1,fetch-bounded,idle-10s,35.712,75,19.563,1.917,87.215,0
split-v1,fetch-bounded,final-after-snapshot,36.937,75,1.183,0,54.668,0
split-v1,upload-bounded,warm-before-snapshot,1.409,3,7.499,4.79,45.555,0
split-v1,upload-bounded,warm-after-snapshot,2.594,3,1.166,0,29.625,0
split-v1,upload-bounded,load-1,7.022,27,20.765,2.873,75.301,0
split-v1,upload-bounded,idle-1,10.145,27,20.765,2.873,75.301,0
split-v1,upload-bounded,load-2,14.565,51,42.614,10.541,120.32,0
split-v1,upload-bounded,idle-2,17.587,51,42.614,10.541,120.324,0
split-v1,upload-bounded,load-3,21.788,75,30.035,14.37,119.379,0
split-v1,upload-bounded,idle-3,24.851,75,30.035,14.37,119.379,0
split-v1,upload-bounded,idle-10s,35.881,75,30.035,14.37,118.379,0
split-v1,upload-bounded,final-after-snapshot,37.023,75,1.184,0,55.801,0
split-v1,stream,warm-before-snapshot,1.397,3,3.027,0,32.727,0
split-v1,stream,warm-after-snapshot,2.555,3,1.162,0,29.605,0
split-v1,stream,load-1,8.542,27,1.225,0,47.98,0
split-v1,stream,idle-1,11.806,27,1.225,0,47.98,0
split-v1,stream,load-2,18.932,51,1.282,0,63.641,0
split-v1,stream,idle-2,22.049,51,1.282,0,63.641,0
split-v1,stream,load-3,28.08,75,1.339,0,64.586,0
split-v1,stream,idle-3,31.281,75,1.339,0,64.582,0
split-v1,stream,idle-10s,42.274,75,1.339,0,48.543,0
split-v1,stream,final-after-snapshot,43.495,75,1.168,0,48.949,0
split-v1,timeout,warm-before-snapshot,1.328,3,3.11,0.023,48.195,0
split-v1,timeout,warm-after-snapshot,2.415,3,1.168,0,44.715,0
split-v1,timeout,load-1,7.124,27,1.498,0.188,48.555,0
split-v1,timeout,idle-1,10.201,27,1.498,0.188,48.555,0
split-v1,timeout,load-2,14.985,51,1.804,0.375,49.449,0
split-v1,timeout,idle-2,18.088,51,1.804,0.375,49.449,0
split-v1,timeout,load-3,22.697,75,2.111,0.563,50.266,0
split-v1,timeout,idle-3,25.715,75,2.111,0.563,50.27,0
split-v1,timeout,idle-10s,36.701,75,2.111,0.563,50.273,0
split-v1,timeout,final-after-snapshot,37.785,75,1.19,0,48.93,0
split-v1,cancel,warm-before-snapshot,1.258,3,3.1,0.023,46.855,0
split-v1,cancel,warm-after-snapshot,2.282,3,1.168,0,43.523,0
split-v1,cancel,load-1,6.914,27,1.5,0.188,46.625,0
split-v1,cancel,idle-1,9.909,27,1.5,0.188,46.625,0
split-v1,cancel,load-2,14.596,51,1.807,0.375,48.383,0
split-v1,cancel,idle-2,17.643,51,1.807,0.375,48.383,0
split-v1,cancel,load-3,22.252,75,2.116,0.563,49.527,0
split-v1,cancel,idle-3,25.268,75,2.116,0.563,49.527,0
split-v1,cancel,idle-10s,36.348,75,2.116,0.563,49.281,0
split-v1,cancel,final-after-snapshot,37.757,75,1.191,0,49.48,0
positive-v1,retained-control,warm-before-snapshot,1.252,3,3.125,0,32.719,0
positive-v1,retained-control,warm-after-snapshot,2.437,3,1.241,0,29.855,0
positive-v1,retained-control,load-1,6.524,27,1.985,0,32.395,0
positive-v1,retained-control,idle-1,9.799,27,1.985,0,32.395,0
positive-v1,retained-control,load-2,14.245,51,2.622,0,48.98,0
positive-v1,retained-control,idle-2,17.489,51,2.622,0,48.98,0
positive-v1,retained-control,load-3,21.865,75,3.238,0,50.496,0
positive-v1,retained-control,idle-3,24.974,75,3.238,0,50.496,0
positive-v1,retained-control,idle-10s,36.13,75,3.238,0,50.504,0
positive-v1,retained-control,final-after-snapshot,37.527,75,3.081,0,55.715,0
detached-idle-v1,upload-bounded,warm-before-snapshot,1.316,3,7.562,4.79,44.504,0
detached-idle-v1,upload-bounded,warm-after-snapshot,2.489,3,1.168,0,30.863,0
detached-idle-v1,upload-bounded,load-1,6.756,27,,,67.723,0
detached-idle-v1,upload-bounded,idle-1,9.794,27,,,67.723,0
detached-idle-v1,upload-bounded,load-2,14.084,51,,,103.914,0
detached-idle-v1,upload-bounded,idle-2,17.33,51,,,103.914,0
detached-idle-v1,upload-bounded,load-3,21.858,75,,,115.996,0
detached-idle-v1,upload-bounded,idle-3,24.928,75,,,115.996,0
detached-idle-v1,upload-bounded,load-4,29.113,99,,,116.914,0
detached-idle-v1,upload-bounded,idle-4,32.085,99,,,116.984,0
detached-idle-v1,upload-bounded,load-5,36.338,123,,,119.902,0
detached-idle-v1,upload-bounded,idle-5,39.328,123,,,119.902,0
detached-idle-v1,upload-bounded,load-6,43.714,147,,,157.363,0
detached-idle-v1,upload-bounded,idle-6,46.802,147,,,157.363,0
detached-idle-v1,upload-bounded,load-complete,47.918,147,42.231,22.038,156.48,0
detached-idle-v1,upload-bounded,quiet-30s,79.018,147,,,156.375,0
detached-idle-v1,upload-bounded,quiet-60s,110.055,147,,,156.375,0
detached-idle-v1,upload-bounded,quiet-90s,141.379,147,,,156.309,0
detached-idle-v1,upload-bounded,quiet-120s,172.458,147,,,156.309,0
detached-idle-v1,upload-bounded,quiet-150s,203.547,147,,,156.309,0
detached-idle-v1,upload-bounded,idle-180s,234.679,147,42.231,22.038,156.309,0
detached-idle-v1,upload-bounded,final-after-snapshot,235.888,147,1.189,0,55.633,0
